Time,Seq,Temp_Keg,Temp_Column,Pressure,Rate,State
2024-01-01T00:00:00+00:00,1,"77,38","76,13","970,24",40,2
2024-01-01T00:00:10+00:00,2,"77,38","76,19","970,24",40,2
2024-01-01T00:00:20+00:00,3,"77,38","76,19","970,25",40,2
2024-01-01T00:00:30+00:00,4,"77,38","76,19","970,24",40,2
2024-01-01T00:00:40+00:00,5,"77,38","76,19","970,25",40,2
2024-01-01T00:00:50+00:00,6,"77,38","76,19","970,24",40,2
2024-01-01T00:01:00+00:00,7,"77,38","76,19","970,22",40,2
2024-01-01T00:01:10+00:00,8,"77,38","76,19","970,22",40,2
2024-01-01T00:01:19+00:00,9,"77,44","76,25","970,21",40,2
2024-01-01T00:01:30+00:00,10,"77,44","76,25","970,22",40,2
2024-01-01T00:01:40+00:00,11,"77,44","76,25","970,23",40,2
2024-01-01T00:01:50+00:00,12,"77,5","76,25","970,24",40,2
2024-01-01T00:02:00+00:00,13,"77,56","76,31","970,24",40,2
2024-01-01T00:02:10+00:00,14,"77,56","76,31","970,24",40,2
2024-01-01T00:02:19+00:00,15,"77,63","76,31","970,24",40,2
2024-01-01T00:02:29+00:00,16,"77,69","76,31","970,26",40,2
2024-01-01T00:02:39+00:00,17,"77,69","76,31","970,26",40,2
2024-01-01T00:02:49+00:00,18,"77,75","76,38","970,26",40,2
2024-01-01T00:02:59+00:00,19,"77,81","76,38","970,26",40,2
2024-01-01T00:03:09+00:00,20,"77,81","76,38","970,27",40,2
2024-01-01T00:03:19+00:00,21,"77,88","76,44","970,28",40,2
2024-01-01T00:03:29+00:00,22,"77,88","76,44","970,26",40,2
2024-01-01T00:03:39+00:00,23,"77,94","76,44","970,25",40,2
2024-01-01T00:03:49+00:00,24,"77,94","76,44","970,24",40,2
2024-01-01T00:03:59+00:00,25,78,"76,5","970,23",40,2
2024-01-01T00:04:09+00:00,26,78,"76,5","970,25",40,2
2024-01-01T00:04:19+00:00,27,"78,06","76,5","970,25",40,2
2024-01-01T00:04:29+00:00,28,"78,06","76,5","970,25",40,2
2024-01-01T00:04:39+00:00,29,"78,13","76,56","970,24",40,2
2024-01-01T00:04:49+00:00,30,"78,13","76,56","970,23",40,2
2024-01-01T00:04:59+00:00,31,"78,19","76,56","970,22",40,2
2024-01-01T00:05:09+00:00,32,"78,19","76,56","970,22",40,2
2024-01-01T00:05:19+00:00,33,"78,19","76,63","970,21",40,2
2024-01-01T00:05:29+00:00,34,"78,25","76,63","970,2",40,2
2024-01-01T00:05:39+00:00,35,"78,25","76,63","970,17",40,2
2024-01-01T00:05:49+00:00,36,"78,31","76,63","970,17",40,2
2024-01-01T00:05:59+00:00,37,"78,31","76,63","970,17",40,2
2024-01-01T00:06:09+00:00,38,"78,38","76,63","970,18",40,2
2024-01-01T00:06:19+00:00,39,"78,38","76,69","970,19",40,2
2024-01-01T00:06:29+00:00,40,"78,44","76,69","970,19",40,2
2024-01-01T00:06:39+00:00,41,"78,44","76,69","970,18",40,2
2024-01-01T00:06:49+00:00,42,"78,44","76,69","970,19",40,2
2024-01-01T00:06:59+00:00,43,"78,5","76,69","970,18",40,2
2024-01-01T00:07:09+00:00,44,"78,5","76,69","970,18",40,2
2024-01-01T00:07:19+00:00,45,"78,5","76,75","970,18",40,2
2024-01-01T00:07:29+00:00,46,"78,5","76,75","970,18",40,2
2024-01-01T00:07:38+00:00,47,"78,56","76,75","970,18",40,2
2024-01-01T00:07:48+00:00,48,"78,56","76,75","970,18",40,2
2024-01-01T00:07:58+00:00,49,"78,56","76,75","970,17",40,2
2024-01-01T00:08:08+00:00,50,"78,56","76,81","970,15",40,2
2024-01-01T00:08:18+00:00,51,"78,56","76,75","970,13",40,2
2024-01-01T00:08:28+00:00,52,"78,63","76,75","970,14",40,2
2024-01-01T00:08:38+00:00,53,"78,63","76,81","970,16",40,2
2024-01-01T00:08:48+00:00,54,"78,63","76,81","970,15",40,2
2024-01-01T00:08:58+00:00,55,"78,63","76,81","970,14",40,2
2024-01-01T00:09:08+00:00,56,"78,63","76,81","970,13",40,2
2024-01-01T00:09:18+00:00,57,"78,63","76,81","970,13",40,2
2024-01-01T00:09:28+00:00,58,"78,63","76,81","970,12",40,2
2024-01-01T00:09:38+00:00,59,"78,69","76,81","970,13",40,2
2024-01-01T00:09:48+00:00,60,"78,69","76,81","970,13",40,2
2024-01-01T00:09:58+00:00,61,"78,69","76,81","970,14",40,2
2024-01-01T00:10:08+00:00,62,"78,69","76,81","970,14",40,2
2024-01-01T00:10:18+00:00,63,"78,69","76,88","970,15",40,2
2024-01-01T00:10:28+00:00,64,"78,69","76,88","970,14",40,2
2024-01-01T00:10:38+00:00,65,"78,75","76,88","970,15",40,2
2024-01-01T00:10:48+00:00,66,"78,75","76,88","970,15",40,2
2024-01-01T00:10:58+00:00,67,"78,75","76,88","970,15",40,2
2024-01-01T00:11:08+00:00,68,"78,75","76,88","970,14",40,2
2024-01-01T00:11:18+00:00,69,"78,75","76,94","970,15",40,2
2024-01-01T00:11:28+00:00,70,"78,81","76,94","970,16",40,2
2024-01-01T00:11:38+00:00,71,"78,81","76,94","970,17",40,2
2024-01-01T00:11:48+00:00,72,"78,81","76,94","970,17",40,2
2024-01-01T00:11:58+00:00,73,"78,81","76,94","970,17",40,2
2024-01-01T00:12:08+00:00,74,"78,88",77,"970,16",40,2
2024-01-01T00:12:18+00:00,75,"78,88",77,"970,15",40,2
2024-01-01T00:12:28+00:00,76,"78,88",77,"970,15",40,2
2024-01-01T00:12:38+00:00,77,"78,88",77,"970,14",40,2
2024-01-01T00:12:47+00:00,78,"78,94","77,06","970,13",40,2
2024-01-01T00:12:58+00:00,79,"78,94","77,06","970,13",40,2
2024-01-01T00:13:07+00:00,80,"78,94","77,06","970,13",40,2
2024-01-01T00:13:17+00:00,81,79,"77,06","970,11",40,2
2024-01-01T00:13:27+00:00,82,79,"77,13","970,1",40,2
2024-01-01T00:13:37+00:00,83,79,"77,13","970,1",40,2
2024-01-01T00:13:47+00:00,84,79,"77,13","970,07",40,2
2024-01-01T00:13:57+00:00,85,79,"77,13","970,06",40,2
2024-01-01T00:14:07+00:00,86,79,"77,19","970,1",40,2
2024-01-01T00:14:17+00:00,87,79,"77,19","970,09",40,2
2024-01-01T00:14:27+00:00,88,"79,06","77,25","970,07",40,2
2024-01-01T00:14:37+00:00,89,"79,06","77,25","970,07",40,2
2024-01-01T00:14:47+00:00,90,"79,06","77,31","970,08",40,2
2024-01-01T00:14:57+00:00,91,"79,06","77,31","970,07",40,2
2024-01-01T00:15:07+00:00,92,"79,13","77,31","970,08",40,2
2024-01-01T00:15:17+00:00,93,"79,13","77,38","970,07",40,2
2024-01-01T00:15:27+00:00,94,"79,13","77,38","970,07",40,2
2024-01-01T00:15:37+00:00,95,"79,19","77,44","970,05",40,2
2024-01-01T00:15:47+00:00,96,"79,19","77,44","970,05",40,2
2024-01-01T00:15:57+00:00,97,"79,19","77,5","970,06",40,2
2024-01-01T00:16:07+00:00,98,"79,19","77,5","970,08",40,2
2024-01-01T00:16:17+00:00,99,"79,19","77,56","970,07",40,2
2024-01-01T00:16:27+00:00,100,"79,25","77,56","970,06",40,2
2024-01-01T00:16:37+00:00,101,"79,19","77,63","970,07",0,2
2024-01-01T00:16:47+00:00,102,"79,25","77,63","970,08",0,2
2024-01-01T00:16:57+00:00,103,"79,25","77,56","970,09",0,2
2024-01-01T00:17:07+00:00,104,"79,25","77,56","970,08",0,2
2024-01-01T00:17:16+00:00,105,"79,25","77,56","970,09",0,2
2024-01-01T00:17:26+00:00,106,"79,19","77,44","970,08",0,2
2024-01-01T00:17:37+00:00,107,"79,19","77,38","970,08",0,2
2024-01-01T00:17:47+00:00,108,"79,19","77,25","970,07",0,2
2024-01-01T00:17:56+00:00,109,"79,19","77,19","970,09",0,2
2024-01-01T00:18:06+00:00,110,"79,19","77,06","970,09",0,2
2024-01-01T00:18:16+00:00,111,"79,19",77,"970,11",0,2
2024-01-01T00:18:26+00:00,112,"79,19","76,94","970,11",0,2
2024-01-01T00:18:36+00:00,113,"79,25","76,88","970,12",0,2
2024-01-01T00:18:46+00:00,114,"79,19","76,81","970,14",0,2
2024-01-01T00:18:56+00:00,115,"79,19","76,75","970,16",0,2
2024-01-01T00:19:06+00:00,116,"79,19","76,69","970,18",0,2
2024-01-01T00:19:16+00:00,117,"79,19","76,69","970,19",0,2
2024-01-01T00:19:26+00:00,118,"79,19","76,63","970,2",0,2
2024-01-01T00:19:36+00:00,119,"79,19","76,56","970,2",0,2
2024-01-01T00:19:46+00:00,120,"79,13","76,5","970,2",0,2
2024-01-01T00:19:56+00:00,121,"79,13","76,5","970,19",38,2
2024-01-01T00:20:06+00:00,122,"79,06","76,5","970,14",38,2
2024-01-01T00:20:16+00:00,123,"79,06","76,44","970,14",38,2
2024-01-01T00:20:26+00:00,124,"79,06","76,44","970,14",38,2
2024-01-01T00:20:36+00:00,125,79,"76,44","970,13",38,2
2024-01-01T00:20:46+00:00,126,79,"76,44","970,13",38,2
2024-01-01T00:20:56+00:00,127,79,"76,44","970,13",38,2
2024-01-01T00:21:06+00:00,128,79,"76,44","970,13",38,2
2024-01-01T00:21:16+00:00,129,79,"76,44","970,12",38,2
2024-01-01T00:21:26+00:00,130,79,"76,38","970,11",38,2
2024-01-01T00:21:36+00:00,131,"79,06","76,38","970,11",38,2
2024-01-01T00:21:46+00:00,132,"79,06","76,38","970,12",38,2
2024-01-01T00:21:56+00:00,133,"79,13","76,38","970,12",38,2
2024-01-01T00:22:06+00:00,134,"79,13","76,38","970,13",38,2
2024-01-01T00:22:16+00:00,135,"79,19","76,38","970,14",38,2
2024-01-01T00:22:26+00:00,136,"79,19","76,38","970,14",38,2
2024-01-01T00:22:36+00:00,137,"79,25","76,44","970,14",38,2
2024-01-01T00:22:46+00:00,138,"79,25","76,44","970,13",38,2
2024-01-01T00:22:56+00:00,139,"79,31","76,44","970,14",38,2
2024-01-01T00:23:05+00:00,140,"79,38","76,44","970,14",38,2
2024-01-01T00:23:15+00:00,141,"79,38","76,5","970,11",38,2
2024-01-01T00:23:25+00:00,142,"79,38","76,5","970,11",38,2
2024-01-01T00:23:35+00:00,143,"79,38","76,5","970,12",38,2
2024-01-01T00:23:45+00:00,144,"79,44","76,5","970,12",38,2
2024-01-01T00:23:55+00:00,145,"79,44","76,5","970,12",38,2
2024-01-01T00:24:05+00:00,146,"79,5","76,56","970,12",38,2
2024-01-01T00:24:15+00:00,147,"79,5","76,56","970,1",38,2
2024-01-01T00:24:25+00:00,148,"79,5","76,56","970,11",38,2
2024-01-01T00:24:35+00:00,149,"79,56","76,63","970,1",38,2
2024-01-01T00:24:45+00:00,150,"79,56","76,63","970,12",38,2
2024-01-01T00:24:55+00:00,151,"79,56","76,63","970,12",38,2
2024-01-01T00:25:05+00:00,152,"79,63","76,69","970,12",38,2
2024-01-01T00:25:15+00:00,153,"79,63","76,69","970,11",38,2
2024-01-01T00:25:25+00:00,154,"79,63","76,69","970,1",38,2
2024-01-01T00:25:35+00:00,155,"79,69","76,69","970,1",38,2
2024-01-01T00:25:45+00:00,156,"79,69","76,75","970,11",38,2
2024-01-01T00:25:55+00:00,157,"79,69","76,75","970,11",38,2
2024-01-01T00:26:05+00:00,158,"79,75","76,75","970,11",38,2
2024-01-01T00:26:15+00:00,159,"79,75","76,81","970,1",38,2
2024-01-01T00:26:25+00:00,160,"79,75","76,81","970,11",38,2
2024-01-01T00:26:35+00:00,161,"79,81","76,81","970,11",38,2
2024-01-01T00:26:45+00:00,162,"79,81","76,88","970,1",38,2
2024-01-01T00:26:55+00:00,163,"79,81","76,88","970,09",38,2
2024-01-01T00:27:05+00:00,164,"79,81","76,94","970,09",38,2
2024-01-01T00:27:15+00:00,165,"79,88",77,"970,08",38,2
2024-01-01T00:27:25+00:00,166,"79,88",77,"970,07",38,2
2024-01-01T00:27:35+00:00,167,"79,88","77,06","970,08",38,2
2024-01-01T00:27:45+00:00,168,"79,94","77,06","970,08",38,2
2024-01-01T00:27:55+00:00,169,"79,94","77,13","970,06",38,2
2024-01-01T00:28:05+00:00,170,"79,94","77,19","970,06",38,2
2024-01-01T00:28:14+00:00,171,"79,94","77,25","970,05",38,2
2024-01-01T00:28:24+00:00,172,80,"77,31","970,07",38,2
2024-01-01T00:28:34+00:00,173,80,"77,31","970,07",38,2
2024-01-01T00:28:44+00:00,174,80,"77,38","970,08",38,2
2024-01-01T00:28:54+00:00,175,80,"77,5","970,08",38,2
2024-01-01T00:29:04+00:00,176,80,"77,56","970,08",38,2
2024-01-01T00:29:14+00:00,177,80,"77,69","970,09",0,2
2024-01-01T00:29:24+00:00,178,80,"77,75","970,09",0,2
2024-01-01T00:29:34+00:00,179,"80,06","77,69","970,09",0,2
2024-01-01T00:29:44+00:00,180,"80,06","77,69","970,09",0,2
2024-01-01T00:29:54+00:00,181,"80,06","77,63","970,08",0,2
2024-01-01T00:30:04+00:00,182,"80,06","77,5","970,07",0,2
2024-01-01T00:30:14+00:00,183,"80,13","77,44","970,08",0,2
2024-01-01T00:30:24+00:00,184,"80,13","77,31","970,07",0,2
2024-01-01T00:30:34+00:00,185,"80,19","77,25","970,07",0,2
2024-01-01T00:30:44+00:00,186,"80,19","77,13","970,05",0,2
2024-01-01T00:30:54+00:00,187,"80,25","77,06","970,05",0,2
2024-01-01T00:31:04+00:00,188,"80,25","76,94","970,04",0,2
2024-01-01T00:31:14+00:00,189,"80,25","76,88","970,04",0,2
2024-01-01T00:31:24+00:00,190,"80,25","76,81","970,05",0,2
2024-01-01T00:31:34+00:00,191,"80,25","76,75","970,05",0,2
2024-01-01T00:31:44+00:00,192,"80,25","76,69","970,03",0,2
2024-01-01T00:31:54+00:00,193,"80,19","76,69","970,03",0,2
2024-01-01T00:32:04+00:00,194,"80,19","76,63","970,04",0,2
2024-01-01T00:32:14+00:00,195,"80,19","76,56","970,04",0,2
2024-01-01T00:32:24+00:00,196,"80,19","76,56","970,03",0,2
2024-01-01T00:32:34+00:00,197,"80,13","76,5","970,03",36,2
2024-01-01T00:32:44+00:00,198,"80,13","76,5","970,03",36,2
2024-01-01T00:32:54+00:00,199,"80,13","76,44","970,04",36,2
2024-01-01T00:33:04+00:00,200,"80,06","76,44","970,04",36,2
2024-01-01T00:33:14+00:00,201,"80,06","76,44","970,02",36,2
2024-01-01T00:33:24+00:00,202,"80,06","76,44","970,02",36,2
2024-01-01T00:33:34+00:00,203,"80,13","76,38","970,03",36,2
2024-01-01T00:33:44+00:00,204,"80,13","76,38","970,02",36,2
2024-01-01T00:33:53+00:00,205,"80,19","76,38","970,02",36,2
2024-01-01T00:34:03+00:00,206,"80,19","76,38","970,03",36,2
2024-01-01T00:34:13+00:00,207,"80,25","76,38","970,03",36,2
2024-01-01T00:34:23+00:00,208,"80,25","76,38","970,03",36,2
2024-01-01T00:34:33+00:00,209,"80,31","76,38","970,02",36,2
2024-01-01T00:34:43+00:00,210,"80,31","76,38","970,03",36,2
2024-01-01T00:34:53+00:00,211,"80,38","76,38","970,03",36,2
2024-01-01T00:35:03+00:00,212,"80,38","76,44","970,03",36,2
2024-01-01T00:35:13+00:00,213,"80,44","76,38","970,02",36,2
2024-01-01T00:35:23+00:00,214,"80,44","76,44","970,01",36,2
2024-01-01T00:35:33+00:00,215,"80,5","76,44","970,01",36,2
2024-01-01T00:35:43+00:00,216,"80,5","76,44",970,36,2
2024-01-01T00:35:53+00:00,217,"80,56","76,5",970,36,2
2024-01-01T00:36:03+00:00,218,"80,56","76,5",970,36,2
2024-01-01T00:36:13+00:00,219,"80,63","76,5","969,99",36,2
2024-01-01T00:36:23+00:00,220,"80,63","76,5","969,99",36,2
2024-01-01T00:36:33+00:00,221,"80,69","76,56",970,36,2
2024-01-01T00:36:43+00:00,222,"80,69","76,56","969,99",36,2
2024-01-01T00:36:53+00:00,223,"80,75","76,63","969,95",36,2
2024-01-01T00:37:03+00:00,224,"80,75","76,63","969,96",36,2
2024-01-01T00:37:13+00:00,225,"80,75","76,69","969,94",36,2
2024-01-01T00:37:23+00:00,226,"80,81","76,69","969,93",36,2
2024-01-01T00:37:33+00:00,227,"80,81","76,75","969,92",36,2
2024-01-01T00:37:43+00:00,228,"80,88","76,75","969,93",36,2
2024-01-01T00:37:53+00:00,229,"80,88","76,81","969,93",36,2
2024-01-01T00:38:03+00:00,230,"80,88","76,88","969,92",36,2
2024-01-01T00:38:13+00:00,231,"80,88","76,88","969,92",36,2
2024-01-01T00:38:23+00:00,232,"80,94","76,94","969,92",36,2
2024-01-01T00:38:33+00:00,233,"80,94",77,"969,92",36,2
2024-01-01T00:38:43+00:00,234,"80,94","77,06","969,92",36,2
2024-01-01T00:38:53+00:00,235,"80,94","77,13","969,91",36,2
2024-01-01T00:39:03+00:00,236,81,"77,19","969,92",36,2
2024-01-01T00:39:12+00:00,237,81,"77,25","969,91",36,2
2024-01-01T00:39:22+00:00,238,81,"77,38","969,91",36,2
2024-01-01T00:39:32+00:00,239,"81,06","77,5","969,89",36,2
2024-01-01T00:39:42+00:00,240,"81,06","77,56","969,89",36,2
2024-01-01T00:39:52+00:00,241,"81,06","77,69","969,9",0,2
2024-01-01T00:40:02+00:00,242,"81,13","77,81","969,9",0,2
2024-01-01T00:40:12+00:00,243,"81,13","77,81","969,89",0,2
2024-01-01T00:40:22+00:00,244,"81,19","77,81","969,89",0,2
2024-01-01T00:40:32+00:00,245,"81,19","77,69","969,89",0,2
2024-01-01T00:40:42+00:00,246,"81,19","77,63","969,9",0,2
2024-01-01T00:40:52+00:00,247,"81,25","77,5","969,89",0,2
2024-01-01T00:41:02+00:00,248,"81,25","77,38","969,89",0,2
2024-01-01T00:41:12+00:00,249,"81,31","77,25","969,88",0,2
2024-01-01T00:41:22+00:00,250,"81,31","77,19","969,87",0,2
2024-01-01T00:41:32+00:00,251,"81,31","77,06","969,87",0,2
2024-01-01T00:41:42+00:00,252,"81,31",77,"969,87",0,2
2024-01-01T00:41:52+00:00,253,"81,38","76,94","969,87",0,2
2024-01-01T00:42:02+00:00,254,"81,44","76,88","969,87",0,2
2024-01-01T00:42:12+00:00,255,"81,44","76,81","969,85",0,2
2024-01-01T00:42:22+00:00,256,"81,44","76,75","969,84",0,2
2024-01-01T00:42:32+00:00,257,"81,44","76,69","969,82",34,2
2024-01-01T00:42:42+00:00,258,"81,44","76,69","969,82",34,2
2024-01-01T00:42:52+00:00,259,"81,38","76,63","969,81",34,2
2024-01-01T00:43:02+00:00,260,"81,38","76,63","969,81",34,2
2024-01-01T00:43:12+00:00,261,"81,38","76,63","969,82",34,2
2024-01-01T00:43:22+00:00,262,"81,38","76,56","969,82",34,2
2024-01-01T00:43:32+00:00,263,"81,38","76,56","969,8",34,2
2024-01-01T00:43:42+00:00,264,"81,44","76,5","969,8",34,2
2024-01-01T00:43:52+00:00,265,"81,44","76,56","969,79",34,2
2024-01-01T00:44:02+00:00,266,"81,44","76,5","969,8",34,2
2024-01-01T00:44:12+00:00,267,"81,5","76,5","969,81",34,2
2024-01-01T00:44:22+00:00,268,"81,5","76,5","969,81",34,2
2024-01-01T00:44:31+00:00,269,"81,56","76,5","969,82",34,2
2024-01-01T00:44:41+00:00,270,"81,56","76,5","969,81",34,2
2024-01-01T00:44:51+00:00,271,"81,56","76,5","969,81",34,2
2024-01-01T00:45:01+00:00,272,"81,63","76,5","969,81",34,2
2024-01-01T00:45:11+00:00,273,"81,69","76,56","969,8",34,2
2024-01-01T00:45:21+00:00,274,"81,69","76,56","969,8",34,2
2024-01-01T00:45:31+00:00,275,"81,75","76,56","969,8",34,2
2024-01-01T00:45:41+00:00,276,"81,75","76,63","969,8",34,2
2024-01-01T00:45:51+00:00,277,"81,75","76,63","969,79",34,2
2024-01-01T00:46:01+00:00,278,"81,81","76,69","969,79",34,2
2024-01-01T00:46:11+00:00,279,"81,81","76,75","969,8",34,2
2024-01-01T00:46:21+00:00,280,"81,81","76,81","969,8",34,2
2024-01-01T00:46:31+00:00,281,"81,88","76,88","969,81",34,2
2024-01-01T00:46:41+00:00,282,"81,88","76,94","969,81",34,2
2024-01-01T00:46:51+00:00,283,"81,94","77,06","969,81",34,2
2024-01-01T00:47:01+00:00,284,"81,94","77,13","969,79",34,2
2024-01-01T00:47:11+00:00,285,"81,94","77,25","969,8",34,2
2024-01-01T00:47:21+00:00,286,"81,94","77,31","969,79",34,2
2024-01-01T00:47:31+00:00,287,82,"77,44","969,78",34,2
2024-01-01T00:47:41+00:00,288,82,"77,63","969,77",0,2
2024-01-01T00:47:51+00:00,289,82,"77,75","969,79",0,2
2024-01-01T00:48:01+00:00,290,"82,06","77,88","969,79",0,2
2024-01-01T00:48:11+00:00,291,"82,06",78,"969,79",0,2
2024-01-01T00:48:21+00:00,292,"82,06","77,94","969,79",0,2
2024-01-01T00:48:31+00:00,293,"82,13","77,88","969,78",0,2
2024-01-01T00:48:41+00:00,294,"82,13","77,75","969,78",0,2
2024-01-01T00:48:51+00:00,295,"82,13","77,63","969,79",0,2
2024-01-01T00:49:01+00:00,296,"82,19","77,5","969,77",0,2
2024-01-01T00:49:11+00:00,297,"82,19","77,38","969,77",0,2
2024-01-01T00:49:21+00:00,298,"82,19","77,25","969,77",0,2
2024-01-01T00:49:30+00:00,299,"82,25","77,19","969,76",0,2
2024-01-01T00:49:40+00:00,300,"82,31","77,06","969,77",0,2
2024-01-01T00:49:51+00:00,301,"82,31",77,"969,76",0,2
2024-01-01T00:50:00+00:00,302,"82,31","76,88","969,76",0,2
2024-01-01T00:50:10+00:00,303,"82,38","76,88","969,75",0,2
2024-01-01T00:50:20+00:00,304,"82,38","76,81","969,76",0,2
2024-01-01T00:50:30+00:00,305,"82,38","76,75","969,76",0,2
2024-01-01T00:50:40+00:00,306,"82,38","76,69","969,73",0,2
2024-01-01T00:50:50+00:00,307,"82,38","76,63","969,74",0,2
2024-01-01T00:51:00+00:00,308,"82,38","76,63","969,74",0,2
2024-01-01T00:51:10+00:00,309,"82,38","76,56","969,74",0,2
2024-01-01T00:51:20+00:00,310,"82,38","76,56","969,75",0,2
2024-01-01T00:51:30+00:00,311,"82,31","76,5","969,75",0,2
2024-01-01T00:51:40+00:00,312,"82,31","76,44","969,74",0,2
2024-01-01T00:51:50+00:00,313,"82,31","76,44","969,74",0,2
2024-01-01T00:52:00+00:00,314,"82,25","76,38","969,71",0,2
2024-01-01T00:52:10+00:00,315,"82,19","76,38","969,72",0,2
2024-01-01T00:52:20+00:00,316,"82,19","76,38","969,73",32,2
2024-01-01T00:52:30+00:00,317,"82,13","76,31","969,72",32,2
2024-01-01T00:52:40+00:00,318,"82,06","76,31","969,71",32,2
2024-01-01T00:52:50+00:00,319,"82,06","76,31","969,71",32,2
2024-01-01T00:53:00+00:00,320,"82,06","76,31","969,7",32,2
2024-01-01T00:53:10+00:00,321,82,"76,31","969,69",32,2
2024-01-01T00:53:20+00:00,322,"82,06","76,31","969,71",32,2
2024-01-01T00:53:30+00:00,323,"82,06","76,31","969,7",32,2
2024-01-01T00:53:40+00:00,324,"82,06","76,31","969,71",32,2
2024-01-01T00:53:50+00:00,325,"82,06","76,31","969,69",32,2
2024-01-01T00:54:00+00:00,326,"82,13","76,31","969,7",32,2
2024-01-01T00:54:10+00:00,327,"82,19","76,31","969,69",32,2
2024-01-01T00:54:20+00:00,328,"82,19","76,31","969,7",32,2
2024-01-01T00:54:30+00:00,329,"82,25","76,31","969,7",32,2
2024-01-01T00:54:40+00:00,330,"82,31","76,31","969,69",32,2
2024-01-01T00:54:50+00:00,331,"82,38","76,38","969,68",32,2
2024-01-01T00:54:59+00:00,332,"82,38","76,38","969,69",32,2
2024-01-01T00:55:09+00:00,333,"82,44","76,38","969,68",32,2
2024-01-01T00:55:19+00:00,334,"82,44","76,44","969,68",32,2
2024-01-01T00:55:29+00:00,335,"82,5","76,44","969,68",32,2
2024-01-01T00:55:39+00:00,336,"82,56","76,5","969,68",32,2
2024-01-01T00:55:49+00:00,337,"82,56","76,5","969,68",32,2
2024-01-01T00:55:59+00:00,338,"82,63","76,56","969,67",32,2
2024-01-01T00:56:09+00:00,339,"82,69","76,63","969,66",32,2
2024-01-01T00:56:19+00:00,340,"82,69","76,69","969,66",32,2
2024-01-01T00:56:29+00:00,341,"82,69","76,81","969,66",32,2
2024-01-01T00:56:39+00:00,342,"82,75","76,88","969,67",32,2
2024-01-01T00:56:49+00:00,343,"82,75",77,"969,67",32,2
2024-01-01T00:56:59+00:00,344,"82,81","77,13","969,66",32,2
2024-01-01T00:57:09+00:00,345,"82,81","77,25","969,67",32,2
2024-01-01T00:57:19+00:00,346,"82,81","77,38","969,66",32,2
2024-01-01T00:57:29+00:00,347,"82,88","77,56","969,66",32,2
2024-01-01T00:57:39+00:00,348,"82,94","77,75","969,66",0,2
2024-01-01T00:57:49+00:00,349,"82,94",78,"969,66",0,2
2024-01-01T00:57:59+00:00,350,"82,94","78,13","969,66",0,2
2024-01-01T00:58:09+00:00,351,83,"78,19","969,66",0,2
2024-01-01T00:58:19+00:00,352,83,"78,19","969,68",0,2
2024-01-01T00:58:29+00:00,353,"83,06",78,"969,67",0,2
2024-01-01T00:58:39+00:00,354,"83,06","77,88","969,66",0,2
2024-01-01T00:58:49+00:00,355,"83,13","77,75","969,67",0,2
2024-01-01T00:58:59+00:00,356,"83,13","77,56","969,68",0,2
2024-01-01T00:59:09+00:00,357,"83,13","77,44","969,67",0,2
2024-01-01T00:59:19+00:00,358,"83,19","77,38","969,65",0,2
2024-01-01T00:59:29+00:00,359,"83,25","77,25","969,65",0,2
2024-01-01T00:59:39+00:00,360,"83,25","77,13","969,65",0,2
2024-01-01T00:59:49+00:00,361,"83,31","77,06","969,65",0,2
2024-01-01T00:59:58+00:00,362,"83,31",77,"969,65",0,2
2024-01-01T01:00:09+00:00,363,"83,31","76,94","969,66",0,2
2024-01-01T01:00:19+00:00,364,"83,38","76,88","969,66",0,2
2024-01-01T01:00:29+00:00,365,"83,38","76,81","969,65",0,2
2024-01-01T01:00:38+00:00,366,"83,38","76,75","969,66",0,2
2024-01-01T01:00:48+00:00,367,"83,44","76,69","969,66",0,2
2024-01-01T01:00:58+00:00,368,"83,38","76,63","969,66",0,2
2024-01-01T01:01:08+00:00,369,"83,44","76,63","969,65",0,2
2024-01-01T01:01:18+00:00,370,"83,38","76,56","969,65",0,2
2024-01-01T01:01:28+00:00,371,"83,38","76,5","969,66",0,2
2024-01-01T01:01:38+00:00,372,"83,31","76,5","969,65",0,2
2024-01-01T01:01:48+00:00,373,"83,31","76,44","969,63",0,2
2024-01-01T01:01:58+00:00,374,"83,25","76,44","969,64",0,2
2024-01-01T01:02:08+00:00,375,"83,19","76,44","969,64",0,2
2024-01-01T01:02:18+00:00,376,"83,13","76,38","969,63",30,2
2024-01-01T01:02:28+00:00,377,"83,06","76,38","969,61",30,2
2024-01-01T01:02:38+00:00,378,"83,06","76,38","969,59",30,2
2024-01-01T01:02:48+00:00,379,83,"76,31","969,59",30,2
2024-01-01T01:02:58+00:00,380,"82,94","76,31","969,58",30,2
2024-01-01T01:03:08+00:00,381,"82,94","76,31","969,58",30,2
2024-01-01T01:03:18+00:00,382,"82,94","76,31","969,58",30,2
2024-01-01T01:03:28+00:00,383,"82,94","76,31","969,58",30,2
2024-01-01T01:03:38+00:00,384,"82,94","76,31","969,58",30,2
2024-01-01T01:03:48+00:00,385,83,"76,31","969,59",30,2
2024-01-01T01:03:58+00:00,386,83,"76,31","969,59",30,2
2024-01-01T01:04:08+00:00,387,"83,06","76,31","969,59",30,2
2024-01-01T01:04:18+00:00,388,"83,13","76,31","969,59",30,2
2024-01-01T01:04:28+00:00,389,"83,13","76,31","969,59",30,2
2024-01-01T01:04:38+00:00,390,"83,19","76,31","969,58",30,2
2024-01-01T01:04:48+00:00,391,"83,25","76,38","969,59",30,2
2024-01-01T01:04:58+00:00,392,"83,25","76,38","969,6",30,2
2024-01-01T01:05:08+00:00,393,"83,31","76,38","969,6",30,2
2024-01-01T01:05:18+00:00,394,"83,31","76,44","969,59",30,2
2024-01-01T01:05:28+00:00,395,"83,38","76,44","969,6",30,2
2024-01-01T01:05:38+00:00,396,"83,44","76,5","969,6",30,2
2024-01-01T01:05:48+00:00,397,"83,44","76,56","969,59",30,2
2024-01-01T01:05:58+00:00,398,"83,5","76,69","969,58",30,2
2024-01-01T01:06:08+00:00,399,"83,56","76,75","969,56",30,2
2024-01-01T01:06:18+00:00,400,"83,56","76,94","969,56",30,2
2024-01-01T01:06:28+00:00,401,"83,56","77,13","969,57",30,2
2024-01-01T01:06:38+00:00,402,"83,63","77,31","969,57",30,2
2024-01-01T01:06:47+00:00,403,"83,69","77,56","969,58",30,2
2024-01-01T01:06:57+00:00,404,"83,69","77,88","969,58",0,2
2024-01-01T01:07:07+00:00,405,"83,69","78,13","969,58",0,2
2024-01-01T01:07:17+00:00,406,"83,75","78,31","969,58",0,2
2024-01-01T01:07:27+00:00,407,"83,81","78,38","969,58",0,2
2024-01-01T01:07:37+00:00,408,"83,81","78,31","969,57",0,2
2024-01-01T01:07:47+00:00,409,"83,81","78,19","969,57",0,2
2024-01-01T01:07:57+00:00,410,"83,88",78,"969,59",0,2
2024-01-01T01:08:07+00:00,411,"83,88","77,88","969,58",0,2
2024-01-01T01:08:17+00:00,412,"83,94","77,69","969,58",0,2
2024-01-01T01:08:27+00:00,413,"83,94","77,56","969,57",0,2
2024-01-01T01:08:37+00:00,414,84,"77,44","969,57",0,2
2024-01-01T01:08:47+00:00,415,84,"77,31","969,56",0,2
2024-01-01T01:08:57+00:00,416,"84,06","77,19","969,54",0,2
2024-01-01T01:09:07+00:00,417,"84,06","77,13","969,54",0,2
2024-01-01T01:09:17+00:00,418,"84,06","77,06","969,53",0,2
2024-01-01T01:09:27+00:00,419,"84,13",77,"969,53",0,2
2024-01-01T01:09:37+00:00,420,"84,13","76,88","969,54",0,2
2024-01-01T01:09:47+00:00,421,"84,19","76,81","969,53",28,2
2024-01-01T01:09:57+00:00,422,"84,19","76,75","969,53",28,2
2024-01-01T01:10:07+00:00,423,"84,19","76,75","969,53",28,2
2024-01-01T01:10:17+00:00,424,"84,25","76,69","969,52",28,2
2024-01-01T01:10:27+00:00,425,"84,19","76,69","969,51",28,2
2024-01-01T01:10:37+00:00,426,"84,25","76,63","969,51",28,2
2024-01-01T01:10:47+00:00,427,"84,25","76,63","969,5",28,2
2024-01-01T01:10:57+00:00,428,"84,25","76,63","969,48",28,2
2024-01-01T01:11:07+00:00,429,"84,25","76,63","969,47",28,2
2024-01-01T01:11:17+00:00,430,"84,31","76,63","969,46",28,2
2024-01-01T01:11:26+00:00,431,"84,31","76,63","969,45",28,2
2024-01-01T01:11:36+00:00,432,"84,31","76,63","969,45",28,2
2024-01-01T01:11:46+00:00,433,"84,38","76,63","969,44",28,2
2024-01-01T01:11:56+00:00,434,"84,38","76,63","969,43",28,2
2024-01-01T01:12:06+00:00,435,"84,44","76,63","969,42",28,2
2024-01-01T01:12:16+00:00,436,"84,5","76,69","969,42",28,2
2024-01-01T01:12:26+00:00,437,"84,5","76,81","969,43",28,2
2024-01-01T01:12:36+00:00,438,"84,5","76,94","969,42",28,2
2024-01-01T01:12:46+00:00,439,"84,56","77,06","969,41",28,2
2024-01-01T01:12:56+00:00,440,"84,56","77,25","969,39",28,2
2024-01-01T01:13:06+00:00,441,"84,63","77,44","969,4",28,2
2024-01-01T01:13:16+00:00,442,"84,63","77,75","969,4",0,2
2024-01-01T01:13:26+00:00,443,"84,63","78,13","969,39",0,2
2024-01-01T01:13:36+00:00,444,"84,69","78,5","969,39",0,2
2024-01-01T01:13:46+00:00,445,"84,69","78,63","969,39",0,2
2024-01-01T01:13:56+00:00,446,"84,69","78,63","969,38",0,2
2024-01-01T01:14:06+00:00,447,"84,69","78,44","969,37",0,2
2024-01-01T01:14:16+00:00,448,"84,75","78,31","969,35",0,2
2024-01-01T01:14:26+00:00,449,"84,75","78,13","969,33",0,2
2024-01-01T01:14:36+00:00,450,"84,81","77,94","969,33",0,2
2024-01-01T01:14:46+00:00,451,"84,81","77,81","969,33",0,2
2024-01-01T01:14:56+00:00,452,"84,81","77,63","969,31",0,2
2024-01-01T01:15:06+00:00,453,"84,81","77,5","969,31",0,2
2024-01-01T01:15:16+00:00,454,"84,81","77,44","969,31",0,2
2024-01-01T01:15:26+00:00,455,"84,81","77,31","969,3",0,2
2024-01-01T01:15:36+00:00,456,"84,88","77,25","969,28",0,2
2024-01-01T01:15:46+00:00,457,"84,88","77,13","969,28",0,2
2024-01-01T01:15:56+00:00,458,"84,94","77,06","969,27",0,2
2024-01-01T01:16:06+00:00,459,"84,94",77,"969,25",0,2
2024-01-01T01:16:16+00:00,460,"84,94","76,94","969,25",0,2
2024-01-01T01:16:26+00:00,461,85,"76,88","969,24",0,2
2024-01-01T01:16:36+00:00,462,85,"76,81","969,23",0,2
2024-01-01T01:16:46+00:00,463,"85,06","76,75","969,21",0,2
2024-01-01T01:16:56+00:00,464,"85,06","76,69","969,21",0,2
2024-01-01T01:17:05+00:00,465,"85,06","76,63","969,21",0,2
2024-01-01T01:17:16+00:00,466,"85,06","76,63","969,22",26,2
2024-01-01T01:17:25+00:00,467,"85,13","76,56","969,21",26,2
2024-01-01T01:17:35+00:00,468,"85,13","76,56","969,2",26,2
2024-01-01T01:17:45+00:00,469,"85,13","76,5","969,19",26,2
2024-01-01T01:17:55+00:00,470,"85,06","76,5","969,19",26,2
2024-01-01T01:18:05+00:00,471,"85,13","76,44","969,19",26,2
2024-01-01T01:18:15+00:00,472,"85,13","76,44","969,18",26,2
2024-01-01T01:18:25+00:00,473,"85,13","76,44","969,17",26,2
2024-01-01T01:18:35+00:00,474,"85,13","76,44","969,18",26,2
2024-01-01T01:18:45+00:00,475,"85,19","76,44","969,17",26,2
2024-01-01T01:18:55+00:00,476,"85,19","76,44","969,17",26,2
2024-01-01T01:19:05+00:00,477,"85,19","76,44","969,17",26,2
2024-01-01T01:19:15+00:00,478,"85,19","76,44","969,17",26,2
2024-01-01T01:19:25+00:00,479,"85,19","76,44","969,16",26,2
2024-01-01T01:19:35+00:00,480,"85,25","76,5","969,16",26,2
2024-01-01T01:19:45+00:00,481,"85,25","76,56","969,15",26,2
2024-01-01T01:19:55+00:00,482,"85,31","76,63","969,15",26,2
2024-01-01T01:20:05+00:00,483,"85,31","76,75","969,16",26,2
2024-01-01T01:20:15+00:00,484,"85,38","76,88","969,15",26,2
2024-01-01T01:20:25+00:00,485,"85,38","77,13","969,16",26,2
2024-01-01T01:20:35+00:00,486,"85,44","77,44","969,16",26,2
2024-01-01T01:20:45+00:00,487,"85,44","77,75","969,17",0,2
2024-01-01T01:20:55+00:00,488,"85,44","78,19","969,17",0,2
2024-01-01T01:21:05+00:00,489,"85,5","78,63","969,17",0,2
2024-01-01T01:21:15+00:00,490,"85,5","78,81","969,16",0,2
2024-01-01T01:21:25+00:00,491,"85,56","78,88","969,16",0,2
2024-01-01T01:21:35+00:00,492,"85,56","78,75","969,15",0,2
2024-01-01T01:21:45+00:00,493,"85,56","78,63","969,15",0,2
2024-01-01T01:21:54+00:00,494,"85,63","78,38","969,15",0,2
2024-01-01T01:22:04+00:00,495,"85,63","78,25","969,14",0,2
2024-01-01T01:22:14+00:00,496,"85,63",78,"969,14",0,2
2024-01-01T01:22:24+00:00,497,"85,69","77,88","969,13",0,2
2024-01-01T01:22:34+00:00,498,"85,69","77,75","969,13",0,2
2024-01-01T01:22:44+00:00,499,"85,69","77,63","969,13",0,2
2024-01-01T01:22:54+00:00,500,"85,75","77,56","969,12",0,2
2024-01-01T01:23:04+00:00,501,"85,75","77,44","969,12",0,2
2024-01-01T01:23:14+00:00,502,"85,75","77,38","969,11",0,2
2024-01-01T01:23:24+00:00,503,"85,81","77,31","969,13",0,2
2024-01-01T01:23:34+00:00,504,"85,81","77,19","969,12",0,2
2024-01-01T01:23:44+00:00,505,"85,81","77,13","969,12",0,2
2024-01-01T01:23:54+00:00,506,"85,88","77,06","969,11",0,2
2024-01-01T01:24:04+00:00,507,"85,88",77,"969,11",0,2
2024-01-01T01:24:14+00:00,508,"85,88","76,94","969,11",0,2
2024-01-01T01:24:24+00:00,509,"85,88","76,88","969,11",0,2
2024-01-01T01:24:34+00:00,510,"85,94","76,81","969,11",0,2
2024-01-01T01:24:44+00:00,511,"85,94","76,75","969,12",24,2
2024-01-01T01:24:54+00:00,512,"85,94","76,75","969,11",24,2
2024-01-01T01:25:04+00:00,513,"85,94","76,69","969,11",24,2
2024-01-01T01:25:14+00:00,514,"85,94","76,69","969,12",24,2
2024-01-01T01:25:24+00:00,515,"85,94","76,69","969,13",24,2
2024-01-01T01:25:34+00:00,516,86,"76,63","969,12",24,2
2024-01-01T01:25:44+00:00,517,86,"76,63","969,11",24,2
2024-01-01T01:25:54+00:00,518,86,"76,63","969,12",24,2
2024-01-01T01:26:04+00:00,519,86,"76,63","969,12",24,2
2024-01-01T01:26:14+00:00,520,86,"76,56","969,13",24,2
2024-01-01T01:26:23+00:00,521,"86,06","76,63","969,13",24,2
2024-01-01T01:26:33+00:00,522,"86,06","76,63","969,12",24,2
2024-01-01T01:26:43+00:00,523,"86,06","76,63","969,12",24,2
2024-01-01T01:26:53+00:00,524,"86,06","76,69","969,12",24,2
2024-01-01T01:27:03+00:00,525,"86,13","76,88","969,13",24,2
2024-01-01T01:27:13+00:00,526,"86,13","77,06","969,12",24,2
2024-01-01T01:27:23+00:00,527,"86,13","77,31","969,13",24,2
2024-01-01T01:27:33+00:00,528,"86,13","77,63","969,14",0,2
2024-01-01T01:27:43+00:00,529,"86,13",78,"969,14",0,2
2024-01-01T01:27:53+00:00,530,"86,19","78,38","969,14",0,2
2024-01-01T01:28:03+00:00,531,"86,19","78,56","969,15",0,2
2024-01-01T01:28:13+00:00,532,"86,19","78,69","969,16",0,2
2024-01-01T01:28:23+00:00,533,"86,25","78,69","969,15",0,2
2024-01-01T01:28:33+00:00,534,"86,25","78,63","969,16",0,2
2024-01-01T01:28:43+00:00,535,"86,25","78,5","969,18",0,2
2024-01-01T01:28:53+00:00,536,"86,31","78,31","969,18",0,2
2024-01-01T01:29:03+00:00,537,"86,31","78,13","969,18",0,2
2024-01-01T01:29:13+00:00,538,"86,31",78,"969,19",0,2
2024-01-01T01:29:23+00:00,539,"86,31","77,81","969,21",0,2
2024-01-01T01:29:33+00:00,540,"86,38","77,75","969,2",0,2
2024-01-01T01:29:43+00:00,541,"86,38","77,63","969,21",0,2
2024-01-01T01:29:53+00:00,542,"86,38","77,5","969,21",0,2
2024-01-01T01:30:03+00:00,543,"86,38","77,44","969,22",0,2
2024-01-01T01:30:13+00:00,544,"86,44","77,38","969,24",0,2
2024-01-01T01:30:23+00:00,545,"86,44","77,25","969,25",0,2
2024-01-01T01:30:33+00:00,546,"86,44","77,19","969,25",0,2
2024-01-01T01:30:43+00:00,547,"86,5","77,13","969,25",0,2
2024-01-01T01:30:53+00:00,548,"86,5","77,06","969,25",0,2
2024-01-01T01:31:03+00:00,549,"86,5",77,"969,26",0,2
2024-01-01T01:31:13+00:00,550,"86,56","76,94","969,27",0,2
2024-01-01T01:31:22+00:00,551,"86,56","76,94","969,26",0,2
2024-01-01T01:31:32+00:00,552,"86,56","76,81","969,26",0,2
2024-01-01T01:31:42+00:00,553,"86,63","76,81","969,25",0,2
2024-01-01T01:31:52+00:00,554,"86,63","76,75","969,25",0,2
2024-01-01T01:32:02+00:00,555,"86,63","76,75","969,25",0,2
2024-01-01T01:32:12+00:00,556,"86,69","76,69","969,23",22,2
2024-01-01T01:32:22+00:00,557,"86,69","76,63","969,23",22,2
2024-01-01T01:32:32+00:00,558,"86,69","76,63","969,21",22,2
2024-01-01T01:32:42+00:00,559,"86,63","76,63","969,19",22,2
2024-01-01T01:32:52+00:00,560,"86,63","76,63","969,19",22,2
2024-01-01T01:33:02+00:00,561,"86,63","76,63","969,19",22,2
2024-01-01T01:33:12+00:00,562,"86,63","76,56","969,2",22,2
2024-01-01T01:33:22+00:00,563,"86,63","76,56","969,2",22,2
2024-01-01T01:33:32+00:00,564,"86,69","76,56","969,19",22,2
2024-01-01T01:33:42+00:00,565,"86,69","76,56","969,2",22,2
2024-01-01T01:33:52+00:00,566,"86,69","76,56","969,2",22,2
2024-01-01T01:34:02+00:00,567,"86,75","76,56","969,2",22,2
2024-01-01T01:34:12+00:00,568,"86,75","76,63","969,18",22,2
2024-01-01T01:34:22+00:00,569,"86,81","76,75","969,18",22,2
2024-01-01T01:34:32+00:00,570,"86,81","76,94","969,18",22,2
2024-01-01T01:34:42+00:00,571,"86,81","77,19","969,17",22,2
2024-01-01T01:34:52+00:00,572,"86,81","77,56","969,17",22,2
2024-01-01T01:35:02+00:00,573,"86,88","77,94","969,18",0,2
2024-01-01T01:35:12+00:00,574,"86,88","78,25","969,19",0,2
2024-01-01T01:35:22+00:00,575,"86,88","78,44","969,17",0,2
2024-01-01T01:35:32+00:00,576,"86,94","78,63","969,16",0,2
2024-01-01T01:35:42+00:00,577,"86,94","78,69","969,14",0,2
2024-01-01T01:35:52+00:00,578,"86,94","78,69","969,14",0,2
2024-01-01T01:36:02+00:00,579,87,"78,56","969,14",0,2
2024-01-01T01:36:12+00:00,580,87,"78,44","969,14",0,2
2024-01-01T01:36:21+00:00,581,87,"78,31","969,13",0,2
2024-01-01T01:36:31+00:00,582,"87,06","78,13","969,15",0,2
2024-01-01T01:36:41+00:00,583,"87,06",78,"969,15",0,2
2024-01-01T01:36:51+00:00,584,"87,06","77,88","969,13",0,2
2024-01-01T01:37:01+00:00,585,"87,06","77,75","969,13",0,2
2024-01-01T01:37:11+00:00,586,"87,13","77,63","969,14",0,2
2024-01-01T01:37:21+00:00,587,"87,13","77,56","969,15",0,2
2024-01-01T01:37:31+00:00,588,"87,13","77,5","969,16",0,2
2024-01-01T01:37:41+00:00,589,"87,19","77,38","969,17",0,2
2024-01-01T01:37:51+00:00,590,"87,19","77,31","969,17",0,2
2024-01-01T01:38:01+00:00,591,"87,19","77,25","969,19",0,2
2024-01-01T01:38:11+00:00,592,"87,19","77,19","969,18",0,2
2024-01-01T01:38:21+00:00,593,"87,25","77,13","969,17",0,2
2024-01-01T01:38:31+00:00,594,"87,25","77,06","969,18",0,2
2024-01-01T01:38:41+00:00,595,"87,25","77,06","969,19",0,2
2024-01-01T01:38:51+00:00,596,"87,25",77,"969,21",0,2
2024-01-01T01:39:01+00:00,597,"87,31","76,94","969,2",0,2
2024-01-01T01:39:11+00:00,598,"87,31","76,94","969,21",0,2
2024-01-01T01:39:21+00:00,599,"87,31","76,88","969,2",0,2
2024-01-01T01:39:31+00:00,600,"87,38","76,81","969,2",0,2
2024-01-01T01:39:41+00:00,601,"87,38","76,81","969,21",0,2
2024-01-01T01:39:51+00:00,602,"87,44","76,75","969,2",20,2
2024-01-01T01:40:01+00:00,603,"87,44","76,75","969,18",20,2
2024-01-01T01:40:11+00:00,604,"87,38","76,75","969,17",20,2
2024-01-01T01:40:21+00:00,605,"87,38","76,75","969,17",20,2
2024-01-01T01:40:31+00:00,606,"87,38","76,69","969,21",20,2
2024-01-01T01:40:41+00:00,607,"87,38","76,69","969,2",20,2
2024-01-01T01:40:51+00:00,608,"87,38","76,69","969,19",20,2
2024-01-01T01:41:01+00:00,609,"87,38","76,69","969,17",20,2
2024-01-01T01:41:11+00:00,610,"87,38","76,69","969,18",20,2
2024-01-01T01:41:21+00:00,611,"87,38","76,69","969,21",20,2
2024-01-01T01:41:30+00:00,612,"87,38","76,75","969,24",20,2
2024-01-01T01:41:40+00:00,613,"87,38","76,88","969,24",20,2
2024-01-01T01:41:50+00:00,614,"87,44","77,19","969,22",20,2
2024-01-01T01:42:00+00:00,615,"87,44","77,56","969,21",20,2
2024-01-01T01:42:10+00:00,616,"87,44","77,94","969,23",0,2
2024-01-01T01:42:20+00:00,617,"87,44","78,38","969,24",0,2
2024-01-01T01:42:30+00:00,618,"87,44","78,63","969,23",0,2
2024-01-01T01:42:40+00:00,619,"87,5","78,75","969,24",0,2
2024-01-01T01:42:50+00:00,620,"87,5","78,75","969,25",0,2
2024-01-01T01:43:00+00:00,621,"87,5","78,69","969,25",0,2
2024-01-01T01:43:10+00:00,622,"87,56","78,56","969,25",0,2
2024-01-01T01:43:20+00:00,623,"87,56","78,44","969,26",0,2
2024-01-01T01:43:30+00:00,624,"87,56","78,31","969,24",0,2
2024-01-01T01:43:40+00:00,625,"87,63","78,19","969,24",0,2
2024-01-01T01:43:50+00:00,626,"87,63","78,13","969,25",0,2
2024-01-01T01:44:00+00:00,627,"87,63","78,06","969,24",0,2
2024-01-01T01:44:10+00:00,628,"87,63","77,94","969,25",0,2
2024-01-01T01:44:20+00:00,629,"87,69","77,88","969,27",0,2
2024-01-01T01:44:30+00:00,630,"87,69","77,75","969,27",0,2
2024-01-01T01:44:40+00:00,631,"87,69","77,69","969,27",0,2
2024-01-01T01:44:50+00:00,632,"87,75","77,63","969,27",0,2
2024-01-01T01:45:00+00:00,633,"87,75","77,56","969,28",0,2
2024-01-01T01:45:10+00:00,634,"87,75","77,44","969,3",0,2
2024-01-01T01:45:20+00:00,635,"87,81","77,38","969,27",0,2
2024-01-01T01:45:30+00:00,636,"87,81","77,31","969,26",0,2
2024-01-01T01:45:40+00:00,637,"87,81","77,25","969,26",0,2
2024-01-01T01:45:49+00:00,638,"87,88","77,19","969,24",0,2
2024-01-01T01:45:59+00:00,639,"87,94","77,13","969,24",0,2
2024-01-01T01:46:10+00:00,640,"87,94","77,06","969,26",0,2
2024-01-01T01:46:20+00:00,641,88,77,"969,25",0,2
2024-01-01T01:46:29+00:00,642,88,77,"969,26",0,2
2024-01-01T01:46:39+00:00,643,88,"76,94","969,26",0,2
2024-01-01T01:46:49+00:00,644,"88,06","76,88","969,23",0,2
2024-01-01T01:46:59+00:00,645,"88,06","76,88","969,22",0,2
2024-01-01T01:47:09+00:00,646,"88,13","76,81","969,24",0,2
2024-01-01T01:47:19+00:00,647,"88,13","76,81","969,24",18,2
2024-01-01T01:47:29+00:00,648,"88,13","76,75","969,22",18,2
2024-01-01T01:47:39+00:00,649,"88,19","76,75","969,21",18,2
2024-01-01T01:47:49+00:00,650,"88,19","76,75","969,21",18,2
2024-01-01T01:47:59+00:00,651,"88,19","76,75","969,22",18,2
2024-01-01T01:48:09+00:00,652,"88,19","76,75","969,21",18,2
2024-01-01T01:48:19+00:00,653,"88,19","76,69","969,21",18,2
2024-01-01T01:48:29+00:00,654,"88,19","76,69","969,21",18,2
2024-01-01T01:48:39+00:00,655,"88,25","76,75","969,2",18,2
2024-01-01T01:48:49+00:00,656,"88,25","76,81","969,19",18,2
2024-01-01T01:48:59+00:00,657,"88,25","76,88","969,19",18,2
2024-01-01T01:49:09+00:00,658,"88,25","77,06","969,19",18,2
2024-01-01T01:49:19+00:00,659,"88,31","77,31","969,2",18,2
2024-01-01T01:49:29+00:00,660,"88,31","77,56","969,17",18,2
2024-01-01T01:49:39+00:00,661,"88,31","77,88","969,17",0,2
2024-01-01T01:49:49+00:00,662,"88,31","78,19","969,17",0,2
2024-01-01T01:49:59+00:00,663,"88,38","78,5","969,17",0,2
2024-01-01T01:50:09+00:00,664,"88,38","78,63","969,17",0,2
2024-01-01T01:50:19+00:00,665,"88,38","78,69","969,18",0,2
2024-01-01T01:50:29+00:00,666,"88,38","78,63","969,18",0,2
2024-01-01T01:50:39+00:00,667,"88,44","78,63","969,16",0,2
2024-01-01T01:50:49+00:00,668,"88,44","78,56","969,18",0,2
2024-01-01T01:50:59+00:00,669,"88,44","78,5","969,19",0,2
2024-01-01T01:51:09+00:00,670,"88,44","78,44","969,18",0,2
2024-01-01T01:51:19+00:00,671,"88,44","78,31","969,19",0,2
2024-01-01T01:51:29+00:00,672,"88,44","78,19","969,17",0,2
2024-01-01T01:51:39+00:00,673,"88,5","78,13","969,17",0,2
2024-01-01T01:51:49+00:00,674,"88,5",78,"969,16",0,2
2024-01-01T01:51:59+00:00,675,"88,5","77,88","969,15",0,2
2024-01-01T01:52:09+00:00,676,"88,5","77,81","969,15",0,2
2024-01-01T01:52:19+00:00,677,"88,5","77,75","969,16",0,2
2024-01-01T01:52:29+00:00,678,"88,5","77,63","969,14",0,2
2024-01-01T01:52:39+00:00,679,"88,5","77,56","969,14",0,2
2024-01-01T01:52:49+00:00,680,"88,5","77,5","969,14",0,2
2024-01-01T01:52:59+00:00,681,"88,56","77,44","969,12",0,2
2024-01-01T01:53:09+00:00,682,"88,5","77,31","969,12",0,2
2024-01-01T01:53:18+00:00,683,"88,56","77,25","969,14",0,2
2024-01-01T01:53:28+00:00,684,"88,56","77,25","969,15",0,2
2024-01-01T01:53:38+00:00,685,"88,56","77,13","969,14",0,2
2024-01-01T01:53:48+00:00,686,"88,63","77,13","969,14",0,2
2024-01-01T01:53:58+00:00,687,"88,56","77,06","969,14",0,2
2024-01-01T01:54:08+00:00,688,"88,56","77,06","969,12",0,2
2024-01-01T01:54:18+00:00,689,"88,63",77,"969,11",0,2
2024-01-01T01:54:28+00:00,690,"88,63","76,94","969,12",0,2
2024-01-01T01:54:38+00:00,691,"88,63","76,94","969,12",0,2
2024-01-01T01:54:48+00:00,692,"88,63","76,94","969,1",16,2
2024-01-01T01:54:58+00:00,693,"88,69","76,88","969,11",16,2
2024-01-01T01:55:08+00:00,694,"88,69","76,88","969,12",16,2
2024-01-01T01:55:18+00:00,695,"88,69","76,88","969,12",16,2
2024-01-01T01:55:28+00:00,696,"88,75","76,88","969,11",16,2
2024-01-01T01:55:38+00:00,697,"88,75","76,88","969,12",16,2
2024-01-01T01:55:48+00:00,698,"88,75","76,88","969,12",16,2
2024-01-01T01:55:58+00:00,699,"88,81","76,94","969,11",16,2
2024-01-01T01:56:08+00:00,700,"88,81","77,06","969,1",16,2
2024-01-01T01:56:18+00:00,701,"88,81","77,19","969,11",16,2
2024-01-01T01:56:28+00:00,702,"88,81","77,31","969,1",16,2
2024-01-01T01:56:38+00:00,703,"88,81","77,56","969,09",16,2
2024-01-01T01:56:48+00:00,704,"88,81","77,88","969,08",0,2
2024-01-01T01:56:58+00:00,705,"88,81","78,19","969,1",0,2
2024-01-01T01:57:08+00:00,706,"88,81","78,38","969,1",0,2
2024-01-01T01:57:18+00:00,707,"88,88","78,5","969,1",0,2
2024-01-01T01:57:28+00:00,708,"88,88","78,5","969,09",0,2
2024-01-01T01:57:38+00:00,709,"88,88","78,5","969,1",0,2
2024-01-01T01:57:48+00:00,710,"88,88","78,5","969,1",0,2
2024-01-01T01:57:58+00:00,711,"88,88","78,44","969,09",0,2
2024-01-01T01:58:08+00:00,712,"88,88","78,38","969,1",0,2
2024-01-01T01:58:18+00:00,713,"88,94","78,25","969,09",0,2
2024-01-01T01:58:27+00:00,714,"88,94","78,19","969,07",0,2
2024-01-01T01:58:38+00:00,715,89,"78,13","969,06",0,2
2024-01-01T01:58:47+00:00,716,"88,94","78,06","969,06",0,2
2024-01-01T01:58:57+00:00,717,89,"77,94","969,05",0,2
2024-01-01T01:59:07+00:00,718,89,"77,94","969,07",0,2
2024-01-01T01:59:17+00:00,719,89,"77,81","969,06",0,2
2024-01-01T01:59:27+00:00,720,89,"77,75","969,03",0,2
2024-01-01T01:59:37+00:00,721,"89,06","77,63","969,02",0,2
2024-01-01T01:59:47+00:00,722,"89,06","77,56","969,02",0,2
2024-01-01T01:59:57+00:00,723,"89,06","77,5","969,01",0,2
2024-01-01T02:00:07+00:00,724,"89,06","77,5","969,02",0,2
2024-01-01T02:00:17+00:00,725,"89,06","77,44","969,01",0,2
2024-01-01T02:00:27+00:00,726,"89,13","77,38","969,02",0,2
2024-01-01T02:00:37+00:00,727,"89,13","77,31","969,01",0,2
2024-01-01T02:00:47+00:00,728,"89,13","77,25","969,02",0,2
2024-01-01T02:00:57+00:00,729,"89,13","77,25","969,01",0,2
2024-01-01T02:01:07+00:00,730,"89,13","77,19","969,01",0,2
2024-01-01T02:01:17+00:00,731,"89,13","77,19",969,0,2
2024-01-01T02:01:27+00:00,732,"89,19","77,13","968,98",0,2
2024-01-01T02:01:37+00:00,733,"89,19","77,13","968,96",0,2
2024-01-01T02:01:47+00:00,734,"89,19","77,06","968,96",0,2
2024-01-01T02:01:57+00:00,735,"89,19","77,06","968,96",0,2
2024-01-01T02:02:07+00:00,736,"89,19",77,"968,96",0,2
2024-01-01T02:02:17+00:00,737,"89,19","76,94","968,96",0,2
2024-01-01T02:02:27+00:00,738,"89,19","76,94","968,96",0,2
2024-01-01T02:02:37+00:00,739,"89,25","76,88","968,95",0,2
2024-01-01T02:02:47+00:00,740,"89,25","76,88","968,95",0,2
2024-01-01T02:02:57+00:00,741,"89,25","76,81","968,96",0,2
2024-01-01T02:03:07+00:00,742,"89,25","76,81","968,95",0,2
2024-01-01T02:03:16+00:00,743,"89,31","76,81","968,98",0,2
2024-01-01T02:03:26+00:00,744,"89,31","76,81","968,97",0,2
2024-01-01T02:03:37+00:00,745,"89,31","76,75","968,96",0,2
2024-01-01T02:03:46+00:00,746,"89,31","76,75","968,94",0,2
2024-01-01T02:03:56+00:00,747,"89,31","76,75","968,94",0,2
2024-01-01T02:04:06+00:00,748,"89,31","76,69","968,94",0,2
2024-01-01T02:04:16+00:00,749,"89,31","76,69","968,93",0,2
2024-01-01T02:04:26+00:00,750,"89,38","76,69","968,91",0,2
2024-01-01T02:04:36+00:00,751,"89,31","76,69","968,9",14,2
2024-01-01T02:04:46+00:00,752,"89,31","76,63","968,91",14,2
2024-01-01T02:04:56+00:00,753,"89,38","76,63","968,9",14,2
2024-01-01T02:05:06+00:00,754,"89,38","76,63","968,89",14,2
2024-01-01T02:05:16+00:00,755,"89,38","76,63","968,9",14,2
2024-01-01T02:05:26+00:00,756,"89,38","76,63","968,91",14,2
2024-01-01T02:05:36+00:00,757,"89,38","76,56","968,92",14,2
2024-01-01T02:05:46+00:00,758,"89,38","76,56","968,91",14,2
2024-01-01T02:05:56+00:00,759,"89,38","76,63","968,9",14,2
2024-01-01T02:06:06+00:00,760,"89,38","76,63","968,89",14,2
2024-01-01T02:06:16+00:00,761,"89,38","76,69","968,9",14,2
2024-01-01T02:06:26+00:00,762,"89,38","76,75","968,9",14,2
2024-01-01T02:06:36+00:00,763,"89,44","76,88","968,91",14,2
2024-01-01T02:06:46+00:00,764,"89,38",77,"968,9",14,2
2024-01-01T02:06:56+00:00,765,"89,44","77,19","968,9",14,2
2024-01-01T02:07:06+00:00,766,"89,44","77,38","968,92",14,2
2024-01-01T02:07:16+00:00,767,"89,5","77,56","968,93",14,2
2024-01-01T02:07:26+00:00,768,"89,5","77,81","968,95",0,2
2024-01-01T02:07:36+00:00,769,"89,5","78,13","968,94",0,2
2024-01-01T02:07:46+00:00,770,"89,56","78,56","968,95",0,2
2024-01-01T02:07:56+00:00,771,"89,56","78,88","968,95",0,2
2024-01-01T02:08:06+00:00,772,"89,56","79,06","968,94",0,2
2024-01-01T02:08:16+00:00,773,"89,56","79,06","968,94",0,2
2024-01-01T02:08:26+00:00,774,"89,63",79,"968,95",0,2
2024-01-01T02:08:36+00:00,775,"89,63","78,94","968,92",0,2
2024-01-01T02:08:46+00:00,776,"89,69","78,81","968,94",0,2
2024-01-01T02:08:56+00:00,777,"89,69","78,75","968,95",0,2
2024-01-01T02:09:06+00:00,778,"89,69","78,63","968,97",0,2
2024-01-01T02:09:15+00:00,779,"89,69","78,56","968,96",0,2
2024-01-01T02:09:25+00:00,780,"89,69","78,5","968,98",0,2
2024-01-01T02:09:36+00:00,781,"89,75","78,5","968,97",0,2
2024-01-01T02:09:45+00:00,782,"89,75","78,44","968,97",0,2
2024-01-01T02:09:55+00:00,783,"89,75","78,38","968,97",0,2
2024-01-01T02:10:05+00:00,784,"89,75","78,31","968,97",0,2
2024-01-01T02:10:15+00:00,785,"89,75","78,25","968,97",0,2
2024-01-01T02:10:25+00:00,786,"89,75","78,13","968,97",0,2
2024-01-01T02:10:35+00:00,787,"89,75","78,06","968,97",0,2
2024-01-01T02:10:45+00:00,788,"89,75",78,"968,96",0,2
2024-01-01T02:10:55+00:00,789,"89,75","77,94","968,96",0,2
2024-01-01T02:11:05+00:00,790,"89,75","77,88","968,97",0,2
2024-01-01T02:11:15+00:00,791,"89,75","77,88","968,99",0,2
2024-01-01T02:11:25+00:00,792,"89,81","77,81","968,99",0,2
2024-01-01T02:11:35+00:00,793,"89,75","77,75","968,99",0,2
2024-01-01T02:11:45+00:00,794,"89,81","77,69",969,0,2
2024-01-01T02:11:55+00:00,795,"89,81","77,69",969,0,2
2024-01-01T02:12:05+00:00,796,"89,81","77,63",969,0,2
2024-01-01T02:12:15+00:00,797,"89,81","77,56","968,98",0,2
2024-01-01T02:12:25+00:00,798,"89,81","77,5","968,97",0,2
2024-01-01T02:12:35+00:00,799,"89,81","77,5","968,97",0,2
2024-01-01T02:12:45+00:00,800,"89,88","77,44","968,96",0,2
2024-01-01T02:12:55+00:00,801,"89,88","77,38","968,96",0,2
2024-01-01T02:13:05+00:00,802,"89,88","77,38","968,95",0,2
2024-01-01T02:13:15+00:00,803,"89,88","77,31","968,96",0,2
2024-01-01T02:13:25+00:00,804,"89,88","77,25","968,96",0,2
2024-01-01T02:13:35+00:00,805,"89,88","77,25","968,97",0,2
2024-01-01T02:13:45+00:00,806,"89,88","77,25","968,98",0,2
2024-01-01T02:13:55+00:00,807,"89,88","77,19","968,98",0,2
2024-01-01T02:14:05+00:00,808,"89,88","77,19","968,98",0,2
2024-01-01T02:14:14+00:00,809,"89,88","77,13","968,97",0,2
2024-01-01T02:14:24+00:00,810,"89,94","77,13","968,98",0,2
2024-01-01T02:14:34+00:00,811,"89,94","77,13","968,98",0,2
2024-01-01T02:14:44+00:00,812,"89,94","77,06","968,98",0,2
2024-01-01T02:14:54+00:00,813,"89,94","77,06","968,97",0,2
2024-01-01T02:15:04+00:00,814,90,77,"968,98",0,2
2024-01-01T02:15:14+00:00,815,90,77,"968,97",0,2
2024-01-01T02:15:24+00:00,816,90,"76,94","968,96",0,2
2024-01-01T02:15:34+00:00,817,90,"76,94","968,95",0,2
2024-01-01T02:15:44+00:00,818,90,"76,94","968,94",0,2
2024-01-01T02:15:54+00:00,819,90,"76,88","968,94",0,2
2024-01-01T02:16:04+00:00,820,90,"76,88","968,94",0,2
2024-01-01T02:16:14+00:00,821,"90,06","76,88","968,95",0,2
2024-01-01T02:16:24+00:00,822,"90,06","76,88","968,96",0,2
2024-01-01T02:16:34+00:00,823,"90,06","76,81","968,96",0,2
2024-01-01T02:16:44+00:00,824,"90,06","76,81","968,95",0,2
2024-01-01T02:16:54+00:00,825,"90,06","76,81","968,94",0,2
2024-01-01T02:17:04+00:00,826,"90,06","76,81","968,93",12,2
2024-01-01T02:17:14+00:00,827,"90,06","76,75","968,91",12,2
2024-01-01T02:17:24+00:00,828,"90,06","76,75","968,91",12,2
2024-01-01T02:17:34+00:00,829,"90,13","76,75","968,91",12,2
2024-01-01T02:17:44+00:00,830,"90,13","76,75","968,91",12,2
2024-01-01T02:17:54+00:00,831,"90,13","76,75","968,89",12,2
2024-01-01T02:18:04+00:00,832,"90,19","76,75","968,88",12,2
2024-01-01T02:18:14+00:00,833,"90,19","76,75","968,89",12,2
2024-01-01T02:18:24+00:00,834,"90,19","76,81","968,87",12,2
2024-01-01T02:18:34+00:00,835,"90,19","76,88","968,86",12,2
2024-01-01T02:18:44+00:00,836,"90,25","76,94","968,87",12,2
2024-01-01T02:18:54+00:00,837,"90,25","77,13","968,86",12,2
2024-01-01T02:19:04+00:00,838,"90,25","77,31","968,84",12,2
2024-01-01T02:19:14+00:00,839,"90,25","77,5","968,83",12,2
2024-01-01T02:19:23+00:00,840,"90,25","77,75","968,85",0,2
2024-01-01T02:19:33+00:00,841,"90,25","77,88","968,86",0,2
2024-01-01T02:19:43+00:00,842,"90,25",78,"968,83",0,2
2024-01-01T02:19:53+00:00,843,"90,25","78,13","968,82",0,2
2024-01-01T02:20:03+00:00,844,"90,25","78,25","968,82",0,2
2024-01-01T02:20:13+00:00,845,"90,25","78,25","968,81",0,2
2024-01-01T02:20:23+00:00,846,"90,31","78,25","968,82",0,2
2024-01-01T02:20:33+00:00,847,"90,31","78,31","968,82",0,2
2024-01-01T02:20:43+00:00,848,"90,31","78,31","968,83",0,2
2024-01-01T02:20:53+00:00,849,"90,31","78,25","968,81",0,2
2024-01-01T02:21:03+00:00,850,"90,31","78,25","968,81",0,2
2024-01-01T02:21:13+00:00,851,"90,31","78,25","968,8",0,2
2024-01-01T02:21:23+00:00,852,"90,31","78,19","968,8",0,2
2024-01-01T02:21:33+00:00,853,"90,38","78,19","968,79",0,2
2024-01-01T02:21:43+00:00,854,"90,38","78,06","968,8",0,2
2024-01-01T02:21:53+00:00,855,"90,38",78,"968,81",0,2
2024-01-01T02:22:03+00:00,856,"90,38","77,94","968,81",0,2
2024-01-01T02:22:13+00:00,857,"90,44","77,88","968,82",0,2
2024-01-01T02:22:23+00:00,858,"90,44","77,81","968,81",0,2
2024-01-01T02:22:33+00:00,859,"90,44","77,81","968,81",0,2
2024-01-01T02:22:43+00:00,860,"90,44","77,75","968,8",0,2
2024-01-01T02:22:53+00:00,861,"90,44","77,75","968,78",0,2
2024-01-01T02:23:03+00:00,862,"90,44","77,69","968,77",0,2
2024-01-01T02:23:13+00:00,863,"90,44","77,69","968,78",0,2
2024-01-01T02:23:23+00:00,864,"90,44","77,63","968,78",0,2
2024-01-01T02:23:33+00:00,865,"90,44","77,63","968,79",0,2
2024-01-01T02:23:43+00:00,866,"90,44","77,56","968,78",0,2
2024-01-01T02:23:53+00:00,867,"90,44","77,5","968,77",0,2
2024-01-01T02:24:03+00:00,868,"90,5","77,5","968,76",0,2
2024-01-01T02:24:12+00:00,869,"90,5","77,44","968,77",0,2
2024-01-01T02:24:22+00:00,870,"90,5","77,44","968,76",0,2
2024-01-01T02:24:32+00:00,871,"90,5","77,38","968,76",0,2
2024-01-01T02:24:42+00:00,872,"90,56","77,38","968,75",0,2
2024-01-01T02:24:52+00:00,873,"90,56","77,31","968,76",0,2
2024-01-01T02:25:02+00:00,874,"90,56","77,31","968,74",0,2
2024-01-01T02:25:12+00:00,875,"90,56","77,31","968,73",0,2
2024-01-01T02:25:22+00:00,876,"90,63","77,25","968,73",0,2
2024-01-01T02:25:32+00:00,877,"90,63","77,25","968,72",0,2
2024-01-01T02:25:42+00:00,878,"90,63","77,25","968,71",0,2
2024-01-01T02:25:52+00:00,879,"90,63","77,19","968,71",0,2
2024-01-01T02:26:02+00:00,880,"90,63","77,19","968,7",0,2
2024-01-01T02:26:12+00:00,881,"90,69","77,13","968,72",0,2
2024-01-01T02:26:22+00:00,882,"90,69","77,13","968,71",0,2
2024-01-01T02:26:32+00:00,883,"90,69","77,06","968,7",0,2
2024-01-01T02:26:42+00:00,884,"90,69","77,06","968,69",0,2
2024-01-01T02:26:52+00:00,885,"90,69","77,06","968,68",0,2
2024-01-01T02:27:02+00:00,886,"90,69","77,06","968,67",0,2
2024-01-01T02:27:12+00:00,887,"90,69",77,"968,65",0,2
2024-01-01T02:27:22+00:00,888,"90,75",77,"968,66",0,2
2024-01-01T02:27:32+00:00,889,"90,75",77,"968,64",0,2
2024-01-01T02:27:42+00:00,890,"90,75",77,"968,65",0,2
2024-01-01T02:27:52+00:00,891,"90,75",77,"968,65",0,2
2024-01-01T02:28:02+00:00,892,"90,75","76,94","968,64",0,2
2024-01-01T02:28:12+00:00,893,"90,75","76,94","968,63",0,2
2024-01-01T02:28:22+00:00,894,"90,75","76,94","968,63",0,2
2024-01-01T02:28:32+00:00,895,"90,81","76,88","968,63",0,2
2024-01-01T02:28:42+00:00,896,"90,81","76,88","968,62",0,2
2024-01-01T02:28:52+00:00,897,"90,81","76,88","968,6",0,2
2024-01-01T02:29:02+00:00,898,"90,81","76,88","968,59",0,2
2024-01-01T02:29:12+00:00,899,"90,81","76,81","968,59",0,2
2024-01-01T02:29:21+00:00,900,"90,81","76,81","968,56",0,2
2024-01-01T02:29:31+00:00,901,"90,81","76,81","968,56",0,2
2024-01-01T02:29:41+00:00,902,"90,88","76,81","968,55",10,2
2024-01-01T02:29:51+00:00,903,"90,88","76,81","968,54",10,2
2024-01-01T02:30:01+00:00,904,"90,94","76,81","968,53",10,2
2024-01-01T02:30:11+00:00,905,"90,94","76,75","968,54",10,2
2024-01-01T02:30:21+00:00,906,"90,94","76,75","968,55",10,2
2024-01-01T02:30:31+00:00,907,"90,94","76,81","968,55",10,2
2024-01-01T02:30:41+00:00,908,91,"76,81","968,54",10,2
2024-01-01T02:30:51+00:00,909,"90,94","76,88","968,52",10,2
2024-01-01T02:31:01+00:00,910,"90,94",77,"968,52",10,2
2024-01-01T02:31:11+00:00,911,91,"77,13","968,52",10,2
2024-01-01T02:31:21+00:00,912,91,"77,25","968,51",10,2
2024-01-01T02:31:31+00:00,913,91,"77,44","968,51",10,2
2024-01-01T02:31:41+00:00,914,91,"77,69","968,49",0,2
2024-01-01T02:31:51+00:00,915,91,"77,75","968,49",0,2
2024-01-01T02:32:01+00:00,916,91,"77,88","968,49",0,2
2024-01-01T02:32:11+00:00,917,"91,06","77,88","968,47",0,2
2024-01-01T02:32:21+00:00,918,"91,06","77,88","968,47",0,2
2024-01-01T02:32:31+00:00,919,"91,06","77,94","968,48",0,2
2024-01-01T02:32:41+00:00,920,"91,06","77,94","968,48",0,2
2024-01-01T02:32:51+00:00,921,"91,06","77,94","968,48",0,2
2024-01-01T02:33:01+00:00,922,"91,13","77,94","968,47",0,2
2024-01-01T02:33:11+00:00,923,"91,13","77,94","968,47",0,2
2024-01-01T02:33:21+00:00,924,"91,13","77,88","968,46",0,2
2024-01-01T02:33:31+00:00,925,"91,13","77,81","968,46",0,2
2024-01-01T02:33:41+00:00,926,"91,13","77,81","968,46",0,2
2024-01-01T02:33:51+00:00,927,"91,19","77,81","968,46",0,2
2024-01-01T02:34:01+00:00,928,"91,19","77,81","968,46",0,2
2024-01-01T02:34:11+00:00,929,"91,19","77,75","968,45",0,2
